0-14 años %,15-64 años %,> 64 años %
0.7610966057441251,0.0471615720524019,0.24963072378138862
0.9673629242819841,0.041048034934497046,0.026587887740029625
0.19582245430809375,0.08209606986899587,0.8286558345642538
0.5404699738903396,1.0,0.9926144756277695
0.5117493472584853,0.20611353711790326,0.2629246676514032
0.40600522193211463,0.15109170305676844,0.47562776957163955
0.31592689295039156,0.03755458515283827,0.7695716395864105
0.4255874673629243,0.17030567685589482,0.42097488921713455
